Question,Option A,Option B,Option C,Option D,Correct Answer
পরমাণুর ইলেকট্রন কক্ষপথের ধারণা প্রথম কে দেন?,জন ডাল্টন,রাদারফোর্ড,নিলস বোর,জে জে থামসন,নিলস বোর
পরমাণুর নিউক্লিয়াসের আধান বা চার্জ কী?,ঋণাত্মক,ধনাত্মক,নিরপেক্ষ,উভয়ই,ধনাত্মক
ইলেকট্রনের ভর প্রোটনের ভরের তুলনায় কত গুণ?,প্রায় সমান,প্রায় ১৮৪০ গুণ কম,প্রায় ১৮৪০ গুণ বেশি,২ গুণ,প্রায় ১৮৪০ গুণ কম
কোনটি মৌলিক কণিকা নয়?,প্রোটন,ইলেকট্রন,অণু,নিউট্রন,অণু
অক্সিজেনের আইসোটোপ কয়টি?,২টি,৩টি,৪টি,৫টি,৩টি
ডিউটেরিয়ামের ভর সংখ্যা কত?,১,২,৩,৪,২
নিউক্লিয়াস আবিস্কার করেন কে?,ডাল্টন,রাদারফোর্ড,বোর,আভুগাড্রো,রাদারফোর্ড
একটি পরমাণুর ৩য় কক্ষপথে সর্বোচ্চ কয়টি ইলেকট্রন থাকতে পারে?,৮টি,১৮টি,৩২টি,২টি,১৮টি
ক্লোরিনের (Cl) পারমাণবিক সংখ্যা কত?,১৫,১৬,১৭,১৮,১৭
নিচের কোনটি নিষ্ক্রিয় গ্যাস?,অক্সিজেন,নাইট্রোজেন,নিয়ন,হাইড্রোজেন,নিয়ন
নাইট্রোজেনের পারমাণবিক সংখ্যা ৭ হলে এর ইলেকট্রন বিন্যাস কী?,"২, ৫","২, ৪, ১","৫, ২","৭, ০","২, ৫"
ক্যাটায়ন কীভাবে গঠিত হয়?,ইলেকট্রন গ্রহণ করে,প্রোটন বর্জন করে,ইলেকট্রন বর্জন করে,নিউট্রন গ্রহণ করে,ইলেকট্রন বর্জন করে
অ্যানায়ন কীভাবে গঠিত হয়?,ইলেকট্রন গ্রহণ করে,ইলেকট্রন বর্জন করে,প্রোটন গ্রহণ করে,নিউট্রন বর্জন করে,ইলেকট্রন গ্রহণ করে
হিলিয়াম পরমাণুর ২য় কক্ষপথে কয়টি ইলেকট্রন থাকে?,২টি,১টি,৮টি,০টি,০টি
পারমাণবিক সংখ্যাকে কোন অক্ষর দ্বারা প্রকাশ করা হয়?,A,Z,N,M,Z
ভর সংখ্যাকে কোন অক্ষর দ্বারা প্রকাশ করা হয়?,A,Z,X,P,A
নিউক্লিয়াস ও ইলেকট্রনের মাঝখানের জায়গাটি কেমন?,ভরাট,ফাঁকা,জলীয়,প্রোটন দিয়ে পূর্ণ,ফাঁকা
হাইড্রোজেনের কোন আইসোটোপটি তেজস্ক্রিয়?,প্রোটিয়াম,ডিউটেরিয়াম,ট্রিটিয়াম,কোনটিই নয়,ট্রিটিয়াম
ফসফরাসের (P) পারমাণবিক সংখ্যা ১৫ হলে এর শেষ কক্ষপথে কয়টি ইলেকট্রন থাকে?,৩টি,৫টি,৮টি,২টি,৫টি
সোডিয়াম (Na) একটি ইলেকট্রন ত্যাগ করলে তার নতুন বিন্যাস কী হবে?,"২, ৮","২, ৮, ১","২, ৭","৮, ২","২, ৮"
তেজস্ক্রিয় আইসোটোপ কোন রশ্মি নির্গত করে?,গামা রশ্মি,শব্দ রশ্মি,আলোক রশ্মি,বেতার রশ্মি,গামা রশ্মি
আয়োডিন-১৩১ শরীরের কোন অঙ্গের চিকিৎসায় ব্যবহৃত হয়?,ফুসফুস,থাইরয়েড গ্রন্থি,কিডনি,হৃৎপিণ্ড,থাইরয়েড গ্রন্থি
ফসফরাস-৩২ আইসোটোপের ব্যবহার কোন ক্ষেত্রে বেশি?,ইলেক্ট্রনিক্স,কৃষিক্ষেত্র,নির্মাণ শিল্প,আবহাওয়া বিজ্ঞান,কৃষিক্ষেত্র
পৃথিবীর বয়স নির্ধারণে কোন আইসোটোপ ব্যবহৃত হয়?,কার্বন-১২,কার্বন-১৪,ইউরেনিয়াম-২৩৫,অক্সিজেন-১৬,কার্বন-১৪
কোন বিজ্ঞানী পরমাণুকে সৌরজগতের সাথে তুলনা করেন?,বোর,রাদারফোর্ড,নিউটন,আইনস্টাইন,রাদারফোর্ড
ইলেকট্রন বিন্যাসের প্রধান নিয়ম কোনটি?,n^2,2n^2,2n,n+1,2n^2
ফ্লোরিন (F) যখন একটি ইলেকট্রন গ্রহণ করে তখন তার চার্জ কত হয়?,+১,-১,০,+২,-১
ম্যাগনেসিয়ামের (Mg) ভর সংখ্যা ২৪ এবং প্রোটন সংখ্যা ১২ হলে নিউট্রন সংখ্যা কত?,১২,২৪,৩৬,৬,১২
অ্যালুমিনিয়ামের (Al) ইলেকট্রন বিন্যাস কোনটি?,"২, ৮, ৩","২, ৮, ৪","২, ৮, ২","২, ৮, ৫","২, ৮, ৩"
সালফারের (S) পারমাণবিক সংখ্যা ১৬ হলে এর যোজ্যতা ইলেকট্রন কয়টি?,৪টি,৬টি,৮টি,২টি,৬টি
আর্গন (Ar) কেন স্থিতিশীল মৌল?,প্রোটন বেশি বলে,শেষ কক্ষপথ পূর্ণ বলে,ভর সংখ্যা বেশি বলে,ধাতু বলে,শেষ কক্ষপথ পূর্ণ বলে
পরমাণুর ভরের জন্য দায়ী কোন কোন কণিকা?,প্রোটন ও ইলেকট্রন,প্রোটন ও নিউট্রন,ইলেকট্রন ও নিউট্রন,শুধু ইলেকট্রন,প্রোটন ও নিউট্রন
কার্বন-১২ পরমাণুর নিউট্রন সংখ্যা কত?,৬,১২,১৮,০,৬
সোডিয়াম আয়ন (Na+) এর প্রোটন সংখ্যা কত?,১০,১১,১২,১,১১
ক্লোরাইড আয়ন (Cl-) এর ইলেকট্রন সংখ্যা কত?,১৭,১৮,১৬,১,১৮
কক্ষপথের ইংরেজি প্রতিশব্দ কী?,Path,Orbit,Cloud,Way,Orbit
নিউক্লিয়াস পরমাণুর আয়তনের তুলনায় কেমন?,অনেক বড়,খুবই ক্ষুদ্র,অর্ধেক,সমান,খুবই ক্ষুদ্র
পরমাণুর ভেতর ইলেকট্রন কীভাবে থাকে?,স্থির অবস্থায়,অনবরত ঘুরতে থাকে,নিউক্লিয়াসের ভেতরে,প্রোটনের গায়ে লেগে,অনবরত ঘুরতে থাকে
লিথিয়াম (Li) এর ভর সংখ্যা ৭ এবং পারমাণবিক সংখ্যা ৩ হলে নিউট্রন সংখ্যা কত?,৩,৪,৭,১০,৪
আইসোটোপের ক্ষেত্রে কোনটি সমান থাকে?,ভর সংখ্যা,নিউট্রন সংখ্যা,পারমাণবিক সংখ্যা,সবগুলো,পারমাণবিক সংখ্যা
আইসোটোপের ক্ষেত্রে কোনটি ভিন্ন থাকে?,প্রোটন সংখ্যা,ইলেকট্রন সংখ্যা,ভর সংখ্যা,চার্জ,ভর সংখ্যা
ক্যানসার চিকিৎসায় ব্যবহৃত হয় কোনটি?,কোবাল্ট-৬০,কার্বন-১৪,হাইড্রোজেন-৩,নাইট্রোজেন-১৫,কোবাল্ট-৬০
উদ্ভিদে তেজস্ক্রিয় আইসোটোপ প্রয়োগ করে কী জানা যায়?,উদ্ভিদের আয়ু,পুষ্টি শোষণের তথ্য,উদ্ভিদের ওজন,উদ্ভিদের রঙ,পুষ্টি শোষণের তথ্য
খাদ্যদ্রব্য সংরক্ষণে আইসোটোপের কোন গুণটি কাজ করে?,আলো দেওয়া,জীবাণু ধ্বংস করা,স্বাদ বাড়ানো,ওজন কমানো,জীবাণু ধ্বংস করা
পরমাণু স্বাভাবিক অবস্থায় কেন চার্জহীন হয়?,নিউট্রন থাকে না বলে,ইলেকট্রন ও প্রোটন সংখ্যা সমান বলে,ইলেকট্রন থাকে না বলে,স্থির থাকে বলে,ইলেকট্রন ও প্রোটন সংখ্যা সমান বলে
নিওনের (Ne) ইলেকট্রন বিন্যাস কোনটি?,"২, ৪","২, ৮","২, ৮, ৮","৮, ২","২, ৮"
ভর সংখ্যা মানে প্রোটন সংখ্যা ও ড্যাশ সংখ্যার সমষ্টি?,ইলেকট্রন,নিউট্রন,যোজনী,অণু,নিউট্রন
তেজস্ক্রিয় আইসোটোপ দিয়ে কোন রোগ নির্ণয় করা সহজ হয়?,হাঁপানি,রক্তনালীর রোগ,সর্দি-জ্বর,প্যারালাইসিস,রক্তনালীর রোগ
কোনটি ঋণাত্মক আধানযুক্ত কণিকা?,প্রোটন,নিউট্রন,ইলেকট্রন,নিউক্লিয়াস,ইলেকট্রন
বোরের পরমাণু মডেল কত সালে প্রস্তাবিত হয়?,১৯১১,১৯১৩,১৮০৩,১৯০৪,১৯১৩
